Workbook

Sheet 00_Resumo
A1: RESUMO DO PILOTO — calculado automaticamente
A3: Takt fabrica casa A (min tot / 480) | C3: =SUMIFS('01_Cronometragem_W'!F:F,'01_Cronometragem_W'!A:A,"A")/480
A4: Takt fabrica casa B (dias de 480 min) | C4: =SUMIFS('01_Cronometragem_W'!F:F,'01_Cronometragem_W'!A:A,"B")/480
A5: Gargalo — media min na W2 | C5: =IFERROR(AVERAGEIFS('01_Cronometragem_W'!F:F,'01_Cronometragem_W'!C:C,"W2"),"— aguardando dados")
A6: Campo casa A (dias) | C6: =SUMIFS('02_Campo_Passos'!E:E,'02_Campo_Passos'!A:A,"A")/480
A7: Campo casa B (dias) | C7: =SUMIFS('02_Campo_Passos'!E:E,'02_Campo_Passos'!A:A,"B")/480
A8: Retoques medios por parede (criterio <=1) | C8: =IFERROR(AVERAGE('03_Retoques_W5'!C2:C33),"— aguardando dados")
A9: Kits com divergencia (criterio <=2%) | C9: =COUNTIF('04_Contadores'!F2:F97,"<>0")-COUNTIF('04_Contadores'!F2:F97,"")
A10: g_max registrado (rota B) | C10: =MAX('05_Transporte'!C:E)
A11: Status C3 estanqueidade | C11: (manual: GO/NO-GO da aba 06)

Sheet 01_Cronometragem_W
A1: Casa | B1: SKU | C1: Estacao | D1: Inicio (scan) | E1: Fim (scan) | F1: Minutos | G1: Operador | H1: Obs
A2: A | B2: F4-A | C2: W1 | F2: =IF(AND(D2<>"",E2<>""),(E2-D2)*1440,"")
A3: A | B3: F4-A | C3: W2 | F3: =IF(AND(D3<>"",E3<>""),(E3-D3)*1440,"")
A4: A | B4: F4-A | C4: W3 | F4: =IF(AND(D4<>"",E4<>""),(E4-D4)*1440,"")
A5: A | B5: F4-A | C5: W4 | F5: =IF(AND(D5<>"",E5<>""),(E5-D5)*1440,"")
A6: A | B6: F4-A | C6: W5 | F6: =IF(AND(D6<>"",E6<>""),(E6-D6)*1440,"")
A7: A | B7: F4-A | C7: W6 | F7: =IF(AND(D7<>"",E7<>""),(E7-D7)*1440,"")
A8: A | B8: F1 | C8: W1 | F8: =IF(AND(D8<>"",E8<>""),(E8-D8)*1440,"")
A9: A | B9: F1 | C9: W2 | F9: =IF(AND(D9<>"",E9<>""),(E9-D9)*1440,"")
A10: A | B10: F1 | C10: W3 | F10: =IF(AND(D10<>"",E10<>""),(E10-D10)*1440,"")
A11: A | B11: F1 | C11: W4 | F11: =IF(AND(D11<>"",E11<>""),(E11-D11)*1440,"")
A12: A | B12: F1 | C12: W5 | F12: =IF(AND(D12<>"",E12<>""),(E12-D12)*1440,"")
A13: A | B13: F1 | C13: W6 | F13: =IF(AND(D13<>"",E13<>""),(E13-D13)*1440,"")
... A193: B | B193: I3 | C193: W6 | F193: =IF(AND(D193<>"",E193<>""),(E193-D193)*1440,"")

Sheet 02_Campo_Passos
A1: Casa | B1: Passo | C1: Inicio | D1: Fim | E1: Minutos | F1: Equipe (n) | G1: Intercorrencia
A2: A | B2: GM-01 | E2: =IF(AND(C2<>"",D2<>""),(D2-C2)*1440,"")
A3: A | B3: A-1 | E3: =IF(AND(C3<>"",D3<>""),(D3-C3)*1440,"")
A4: A | B4: A-2 | E4: =IF(AND(C4<>"",D4<>""),(D4-C4)*1440,"")
A5: A | B5: A-3 | E5: =IF(AND(C5<>"",D5<>""),(D5-C5)*1440,"")
A6: A | B6: A-4 | E6: =IF(AND(C6<>"",D6<>""),(D6-C6)*1440,"")
A7: A | B7: A-5 | E7: =IF(AND(C7<>"",D7<>""),(D7-C7)*1440,"")
A8: A | B8: A-6 | E8: =IF(AND(C8<>"",D8<>""),(D8-C8)*1440,"")
A9: A | B9: A-7 | E9: =IF(AND(C9<>"",D9<>""),(D9-C9)*1440,"")
A10: A | B10: A-8 | E10: =IF(AND(C10<>"",D10<>""),(D10-C10)*1440,"")
A11: A | B11: B-1 | E11: =IF(AND(C11<>"",D11<>""),(D11-C11)*1440,"")
A12: A | B12: B-2 | E12: =IF(AND(C12<>"",D12<>""),(D12-C12)*1440,"")
A13: A | B13: B-3 | E13: =IF(AND(C13<>"",D13<>""),(D13-C13)*1440,"")
... A47: B | B47: ACOPLAMENTO | E47: =IF(AND(C47<>"",D47<>""),(D47-C47)*1440,"")

Sheet 03_Retoques_W5
A1: Casa | B1: SKU | C1: Nº retoques | D1: Tipo (fissura/marca/escorrido) | E1: Causa provavel | F1: Foto (ID)
A2: A | B2: F4-A
A3: A | B3: F1
A4: A | B4: F3-A
A5: A | B5: F5-A
A6: A | B6: JUNTA-A
A7: A | B7: IA1
A8: A | B8: IA2
A9: A | B9: IAN
A10: A | B10: F4-B
A11: A | B11: F2
A12: A | B12: F3-B
A13: A | B13: F5-B
... A33: B | B33: I3

Sheet 04_Contadores
A1: Casa | B1: SKU | C1: Familia PF | D1: Esperado (ficha) | E1: Contado | F1: Delta | G1: Acao
A2: A | B2: F4-A | C2: PF-1 | F2: =IF(AND(D2<>"",E2<>""),E2-D2,"")
A3: A | B3: F4-A | C3: PF-2 | F3: =IF(AND(D3<>"",E3<>""),E3-D3,"")
A4: A | B4: F4-A | C4: PF-3 | F4: =IF(AND(D4<>"",E4<>""),E4-D4,"")
A5: A | B5: F1 | C5: PF-1 | F5: =IF(AND(D5<>"",E5<>""),E5-D5,"")
A6: A | B6: F1 | C6: PF-2 | F6: =IF(AND(D6<>"",E6<>""),E6-D6,"")
A7: A | B7: F1 | C7: PF-3 | F7: =IF(AND(D7<>"",E7<>""),E7-D7,"")
A8: A | B8: F3-A | C8: PF-1 | F8: =IF(AND(D8<>"",E8<>""),E8-D8,"")
A9: A | B9: F3-A | C9: PF-2 | F9: =IF(AND(D9<>"",E9<>""),E9-D9,"")
A10: A | B10: F3-A | C10: PF-3 | F10: =IF(AND(D10<>"",E10<>""),E10-D10,"")
A11: A | B11: F5-A | C11: PF-1 | F11: =IF(AND(D11<>"",E11<>""),E11-D11,"")
A12: A | B12: F5-A | C12: PF-2 | F12: =IF(AND(D12<>"",E12<>""),E12-D12,"")
A13: A | B13: F5-A | C13: PF-3 | F13: =IF(AND(D13<>"",E13<>""),E13-D13,"")
... A97: B | B97: I3 | C97: PF-3 | F97: =IF(AND(D97<>"",E97<>""),E97-D97,"")
A98: A | B98: TODAS (junções JP) | C98: PF-J | F98: =IF(AND(D98<>"",E98<>""),E98-D98,"") | G98: linha adicionada na R15 — achado M-04: PF-J não era rastreado
A99: B | B99: TODAS (junções JP) | C99: PF-J | F99: =IF(AND(D99<>"",E99<>""),E99-D99,"") | G99: linha adicionada na R15 — achado M-04: PF-J não era rastreado

Sheet 05_Transporte
A1: Evento | B1: km | C1: g_max_X | D1: g_max_Y | E1: g_max_Z | F1: Duracao (min) | G1: Obs

Sheet 06_Testes_NC
A1: Tipo (teste/NC) | B1: Casa | C1: Ref (SKU/PIT/junta) | D1: Descricao | E1: Resultado/Disposicao | F1: Data
